test loss,test acc,exec time
0.9800926446914673, 0.01935294084250927, 12:33:22
0.9600979685783386, 0.038552939891815186, 12:36:55
