test loss,test acc,exec time
0.00813335832208395, 0.6423646807670593, 04:02:49
0.007765715476125479, 0.6181764602661133, 04:06:19
0.007837866432964802, 0.6172588467597961, 04:07:21
