test loss,test acc,exec time
0.9799659252166748, 0.01922352984547615, 06:37:49
0.960007905960083, 0.03884705901145935, 06:39:56
0.85991370677948, 0.13991764187812805, 06:46:00
