test loss,test acc,exec time
1.0, 0.019505882635712624, 07:01:18
1.0, 0.020235294476151466, 06:58:59
1.0, 0.020105881616473198, 07:06:14
1.0, 0.020223530009388924, 07:07:18
