test loss,test acc,exec time
0.031178727746009827, 0.6748823523521423, 04:06:49
0.05628911405801773, 0.29038822650909424, 04:05:23
