test loss,test acc,exec time
0.011209674179553986, 0.5166352987289429, 13:00:18
0.01960320770740509, 0.01984705962240696, 12:57:49
0.019606249406933784, 0.020082352682948112, 12:51:58
