test loss,test acc,exec time
1.0, 0.01979999989271164, 12:44:31
1.0, 0.019647058099508286, 12:41:08
