test loss,test acc,exec time
1.0055161714553833, 0.01998823508620262," 04:14:32
"
1.0050451755523682, 0.02043529413640499," 04:08:13
"
1.0076133012771606, 0.019235294312238693," 04:05:32
"
1.0058051347732544, 0.020258823409676552," 04:05:35
"
