test loss,test acc,exec time
0.77314293384552, 0.13864706456661224," 08:19:18
"
0.7401676774024963, 0.2597411870956421," 08:23:07
"
0.8781200647354126, 0.09912940859794617," 08:24:26
"
