test loss,test acc,exec time
0.9800328016281128, 0.019329411908984184," 04:15:12
"
0.9799633026123047, 0.01931764744222164," 04:09:53
"
0.9800878763198853, 0.019435293972492218," 04:08:12
"
