test loss,test acc,exec time
0.6931459307670593, 0.020670589059591293," 04:13:48
"
