test loss,test acc,exec time
0.9247287511825562, 0.07837647199630737," 04:21:29
"
