test loss,test acc,exec time
0.01415568683296442, 0.3146588206291199," 04:11:47
"
