test loss,test acc,exec time
0.9800328016281128, 0.019329411908984184," 04:15:12
"
