test loss,test acc,exec time
1.0054174661636353, 0.019776470959186554," 08:19:12
"
1.0065220594406128, 0.02096470631659031," 08:34:48
"
