test loss,test acc,exec time
0.010129918344318867, 0.8946470618247986," 04:24:50
"
