test loss,test acc,exec time
1.0071656703948975, 0.020094117149710655," 04:21:47
"
