test loss,test acc,exec time
0.9253326058387756, 0.07784705609083176," 08:11:09
"
0.8929257392883301, 0.11716470867395401," 07:58:15
"
